{
	"format_version": "1.8.0",
	"animations": {
		"idle": {
			"animation_length": 0.79167,
			"bones": {
				"group": {
					"rotation": {
						"0.0": {
							"vector": [0, 0, 0]
						},
						"0.375": {
							"vector": [-81.43164, 40.23411, 61.18374]
						},
						"0.4167": {
							"vector": [-63.27898, 14.98908, 52.23608]
						},
						"0.4583": {
							"vector": [107.7448, 18.59764, -126.28169]
						},
						"0.5": {
							"vector": [112.47096, 78.7469, -122.24234]
						},
						"0.7917": {
							"vector": [0, 0, 0]
						}
					},
					"position": {
						"0.0": {
							"vector": [0, 0, 0]
						},
						"0.5": {
							"vector": [1, 5, 3]
						},
						"0.7917": {
							"vector": [0, 0, 0]
						}
					}
				}
			}
		}
	}
}